file_name,text,language,duration_s,timestamp,products,brands,budget,features,intent,decision_stage,use_case,objections,sentiment,confidence_score,hesitation_score,delay_flag,conversion_label,conversion_probability,conversion_prediction,model_accuracy,model_precision,model_recall,model_f1,xgboost_base_probability,intent_score,behavioral_score,emotion_score,engagement_score,extraction_provider,pii_redaction_count,raw_features_json
conv_001.wav,"Start. Hi, I want a laptop under 60,000. Sure. What will you mainly use it for? Programming and basic gaming. Do you have any brand performance like Dell HP or Lenovo? Not really. Just something reliable. Oh, okay. I can suggest a Dell Inspired on and a Lenovo idea part in that range. Both are good for programming. Okay, but I'm not sure if I should buy now. We currently have an offer and the EMA options available. I think about it and get back to you later. Okay, sure. I'll share the details with you. Thank you.",en,42.0,2026-03-31T06:08:51.926020Z,,,,,,,,,,,,,,,,,,,,,,,,,,,
meeting-capture-2026-05-18T06-23-05-117Z.webm,"Customer: Hi, good morning. Thank you for calling [CUSTOMER_NAME_REDACTED]. My name is [CUSTOMER_NAME_REDACTED]. How may I assist you today? Hi [CUSTOMER_NAME_REDACTED], my name is [CUSTOMER_NAME_REDACTED]. I am calling because I want to update some details in my email address and also check the status of my recent services. Certainly [CUSTOMER_NAME_REDACTED]. I will be happy to help you with that. Agent: Before we proceed, may I verify your account information for your security purpose? Customer: Yeah sure. Can you please confirm your registered phone number? Agent: Yeah, yes. It's 987.640210. Thank you. Could you be able to confirm your email address? Yeah sure. John Matthew Hathiew. Perfectly. Last email, I know your date of birth. Yeah, my date of birth is August 14, 1998. Thank you for verifying your details. Can I help you today regarding your account? Yeah, okay. Thank you. Sara, I am mainly focusing on buying phone. Customer: I am focusing on camera and back. All around. Agent: Sir, can you say about your budget? Customer: I need almost 1 lakh or 80,000 budget I needed. Budget phone I wanted. Agent: Sir, yeah. We have Samsung and iPhone area. We have Samsung if you are focusing on Samsung, we have S24 and iPhone if you are focusing on iPhone. We have 17, 7 day Brahmins and 17 Pro is there. Yeah. All fine.",en,102.0,2026-05-18T06:23:47.645944Z,phone,,,camera,Interested,,,,Very Positive,0.9,0,0,warm,0.619,,,,,,,,,,,local-fallback,5,"[{""value"": ""phone"", ""name"": ""phone"", ""label"": ""PRODUCT""}, {""value"": ""camera"", ""name"": ""camera"", ""label"": ""FEATURE""}, {""value"": ""Interested"", ""name"": ""Interested"", ""label"": ""INTENT""}]"
typed-conversation,"Customer: Hi, good morning. Agent: Thank you for calling Brighton. Customer: My name is [CUSTOMER_NAME_REDACTED]. Agent: How may I assist you today? Customer: Hi [CUSTOMER_NAME_REDACTED], my name is [CUSTOMER_NAME_REDACTED]. I am calling because I want to update some details in my email address and also check the status of my recent services. Certainly [CUSTOMER_NAME_REDACTED]. Agent: I will be happy to help you with that. Before we proceed, may I verify your account information for your security purpose? Yeah sure. Customer: Can you please confirm your registered phone number? Agent: Yeah, yes. Customer: It's [PHONE_REDACTED]. Agent: Thank you. Could you be able to confirm your email address? Yeah sure. Customer: [CUSTOMER_NAME_REDACTED]. Agent: Perfectly. Last email, I know your date of birth. Yeah, my date of birth is August 14, 1998. Thank you for verifying your details. Can I help you today regarding your account? Customer: Yeah, okay. Agent: Thank you. Customer: Sara, I am mainly focusing on buying phone. Agent: I am focusing on camera and back. Customer: All around. Agent: Sir, can you say about your budget? Customer: I need almost 1 lakh or 80,000 budget I needed. Budget phone I wanted. Sir, yeah. Agent: We have Samsung and iPhone area. We have Samsung if you are focusing on Samsung, we have S24 and iPhone if you are focusing on iPhone. We have 17, 7 day Brahmins and 17 Pro is there. Customer: Yeah. Agent: All fine.",,,2026-05-18T06:35:37.641164Z,phone,,"1 lakh, 80000, Budget phone",,Interested,,,,Very Positive,0.9,0,0,warm,0.612,,,,,,,,,,,llama,6,"[{""value"": ""1 lakh"", ""label"": ""BUDGET"", ""name"": ""1 lakh""}, {""value"": ""80000"", ""label"": ""BUDGET"", ""name"": ""80000""}, {""value"": ""Budget phone"", ""label"": ""BUDGET"", ""name"": ""Budget phone""}, {""value"": ""phone"", ""name"": ""phone"", ""label"": ""PRODUCT""}, {""value"": ""Interested"", ""name"": ""Interested"", ""label"": ""INTENT""}]"
typed-conversation,"Customer: [Agent]: Good morning! Agent: Thank you for calling TechNova Solutions. Customer: My name is [CUSTOMER_NAME_REDACTED]. Agent: How may I assist you today? Customer: [Customer]: Hi [CUSTOMER_NAME_REDACTED], my name is [CUSTOMER_NAME_REDACTED]. Agent: I was actually looking for information about your SAP C3 platform. Customer: [Agent]: Sure, [CUSTOMER_NAME_REDACTED]. Agent: I’d be happy to help you with that. Customer: May I know if you are calling from an organization or for personal learning purposes? Agent: [Customer]: I’m calling from a small retail company called BrightMart Solutions. Customer: [Agent]: Great. Agent: And what is your role there? Customer: [Customer]: I work as an [JOB_TITLE_REDACTED]. [Agent]: Understood. So are you mainly looking for customer service automation, analytics, or cloud integration features? Agent: [Customer]: Mostly customer support automation and conversation analytics. Customer: [Agent]: Perfect. Agent: SAP C3 provides AI-powered customer interaction management, real-time analytics, sentiment analysis, and automated workflows. Approximately how many customer calls or chats does your company handle daily? [Customer]: Around 300 to 400 interactions per day. Customer: [Agent]: That’s a good scale for implementing SAP C3 solutions. Agent: May I also know your business location? Customer: [Customer]: We are based in [ADDRESS_LOCATION_REDACTED]. Agent: [Agent]: Thank you. And could you please share your official email address for sending the product brochure and demo details? [Customer]: Sure. Customer: It’s [EMAIL_REDACTED] [Agent]: Thank you, [CUSTOMER_NAME_REDACTED]. Agent: Do you also want a live demo session with one of our technical consultants? Customer: [Customer]: Yes, that would be helpful. Agent: [Agent]: Excellent. Could I have your contact number for scheduling the session? [Customer]: My number is 9876543210. Customer: [Agent]: Thank you. Agent: One final question — are you currently using any CRM or customer management platform? Customer: [Customer]: Yes, we are using Zoho CRM at the moment. Agent: [Agent]: That’s great. Customer: [CUSTOMER_NAME_REDACTED] can integrate with [ADDRESS_LOCATION_REDACTED] and several other CRM platforms. Agent: Based on your requirements, I believe our analytics and automation modules would suit your company well. Customer: [Customer]: Sounds good. Agent: [Agent]: I’ll arrange a demo session and send all the details to your email within 24 hours. Customer: [Customer]: Perfect. Agent: Thank you for your help. Customer: [Agent]: You’re welcome, [CUSTOMER_NAME_REDACTED]. Agent: Have a great day! Customer: [Customer]: You too. Agent: Bye.",,,2026-05-19T06:03:52.668445Z,"SAP C3, Zoho CRM",,,"Customer Service Automation, Analytics, Cloud Integration","Curious, Interested",Exploring,Work/personal use,,Emotionally Engaged,0.9,0,0,warm,0.592,1,0.7325,0.6979,0.82,0.754,0.691,0.5,0.6,0.995,0.65,llama,11,"[{""value"": ""SAP C3"", ""label"": ""PRODUCT"", ""name"": ""SAP C3""}, {""value"": ""Zoho CRM"", ""label"": ""PRODUCT"", ""name"": ""Zoho CRM""}, {""value"": ""Customer Service Automation"", ""label"": ""FEATURE"", ""name"": ""Customer Service Automation""}, {""value"": ""Analytics"", ""label"": ""FEATURE"", ""name"": ""Analytics""}, {""value"": ""Cloud Integration"", ""label"": ""FEATURE"", ""name"": ""Cloud Integration""}, {""value"": ""Exploring"", ""label"": ""DECISION_STAGE"", ""name"": ""Exploring""}, {""value"": ""Curious"", ""label"": ""INTENT"", ""name"": ""Curious""}, {""value"": ""Interested"", ""name"": ""Interested"", ""label"": ""INTENT""}, {""value"": ""Work/personal use"", ""name"": ""Work/personal use"", ""label"": ""USE_CASE""}]"
typed-conversation,"Customer: [Agent]: Good morning! Agent: Thank you for calling TechNova Solutions. Customer: My name is [CUSTOMER_NAME_REDACTED]. Agent: How may I assist you today? Customer: [Customer]: Hi [CUSTOMER_NAME_REDACTED], my name is [CUSTOMER_NAME_REDACTED]. Agent: I was actually looking for information about your SAP C3 platform. Customer: [Agent]: Sure, [CUSTOMER_NAME_REDACTED]. Agent: I’d be happy to help you with that. Customer: May I know if you are calling from an organization or for personal learning purposes? Agent: [Customer]: I’m calling from a small retail company called BrightMart Solutions. Customer: [Agent]: Great. Agent: And what is your role there? Customer: [Customer]: I work as an [JOB_TITLE_REDACTED]. [Agent]: Understood. So are you mainly looking for customer service automation, analytics, or cloud integration features? Agent: [Customer]: Mostly customer support automation and conversation analytics. Customer: [Agent]: Perfect. Agent: SAP C3 provides AI-powered customer interaction management, real-time analytics, sentiment analysis, and automated workflows. Approximately how many customer calls or chats does your company handle daily? [Customer]: Around 300 to 400 interactions per day. Customer: [Agent]: That’s a good scale for implementing SAP C3 solutions. Agent: May I also know your business location? Customer: [Customer]: We are based in [ADDRESS_LOCATION_REDACTED]. Agent: [Agent]: Thank you. And could you please share your official email address for sending the product brochure and demo details? [Customer]: Sure. Customer: It’s [EMAIL_REDACTED] [Agent]: Thank you, [CUSTOMER_NAME_REDACTED]. Agent: Do you also want a live demo session with one of our technical consultants? Customer: [Customer]: Yes, that would be helpful. Agent: [Agent]: Excellent. Could I have your contact number for scheduling the session? [Customer]: My number is 9876543210. Customer: [Agent]: Thank you. Agent: One final question — are you currently using any CRM or customer management platform? Customer: [Customer]: Yes, we are using Zoho CRM at the moment. Agent: [Agent]: That’s great. Customer: [CUSTOMER_NAME_REDACTED] can integrate with [ADDRESS_LOCATION_REDACTED] and several other CRM platforms. Agent: Based on your requirements, I believe our analytics and automation modules would suit your company well. Customer: [Customer]: Sounds good. Agent: [Agent]: I’ll arrange a demo session and send all the details to your email within 24 hours. Customer: [Customer]: Perfect. Agent: Thank you for your help. Customer: [Agent]: You’re welcome, [CUSTOMER_NAME_REDACTED]. Agent: Have a great day! Customer: [Customer]: You too. Agent: Bye.",,,2026-05-19T06:09:31.594500Z,"SAP C3, Zoho CRM",,,"Customer Service Automation, Analytics, Cloud Integration","Warm Lead, Interested",Evaluating,Work/personal use,,Emotionally Engaged,0.9,0,0,warm,0.627,1,0.7325,0.6979,0.82,0.754,0.741,0.6,0.6,0.995,0.65,llama,11,"[{""value"": ""SAP C3"", ""label"": ""PRODUCT"", ""name"": ""SAP C3""}, {""value"": ""Zoho CRM"", ""label"": ""PRODUCT"", ""name"": ""Zoho CRM""}, {""value"": ""Customer Service Automation"", ""label"": ""FEATURE"", ""name"": ""Customer Service Automation""}, {""value"": ""Analytics"", ""label"": ""FEATURE"", ""name"": ""Analytics""}, {""value"": ""Cloud Integration"", ""label"": ""FEATURE"", ""name"": ""Cloud Integration""}, {""value"": ""Evaluating"", ""label"": ""DECISION_STAGE"", ""name"": ""Evaluating""}, {""value"": ""Warm Lead"", ""label"": ""INTENT"", ""name"": ""Warm Lead""}, {""value"": ""Interested"", ""name"": ""Interested"", ""label"": ""INTENT""}, {""value"": ""Work/personal use"", ""name"": ""Work/personal use"", ""label"": ""USE_CASE""}]"
typed-conversation,"Customer: [Agent]: Good morning! Agent: Thank you for calling TechNova Solutions. Customer: My name is [CUSTOMER_NAME_REDACTED]. Agent: How may I assist you today? Customer: [Customer]: Hi [CUSTOMER_NAME_REDACTED], my name is [CUSTOMER_NAME_REDACTED]. Agent: I was actually looking for information about your SAP C3 platform. Customer: [Agent]: Sure, [CUSTOMER_NAME_REDACTED]. Agent: I’d be happy to help you with that. Customer: May I know if you are calling from an organization or for personal learning purposes? Agent: [Customer]: I’m calling from a small retail company called BrightMart Solutions. Customer: [Agent]: Great. Agent: And what is your role there? Customer: [Customer]: I work as an [JOB_TITLE_REDACTED]. [Agent]: Understood. So are you mainly looking for customer service automation, analytics, or cloud integration features? Agent: [Customer]: Mostly customer support automation and conversation analytics. Customer: [Agent]: Perfect. Agent: SAP C3 provides AI-powered customer interaction management, real-time analytics, sentiment analysis, and automated workflows. Approximately how many customer calls or chats does your company handle daily? [Customer]: Around 300 to 400 interactions per day. Customer: [Agent]: That’s a good scale for implementing SAP C3 solutions. Agent: May I also know your business location? Customer: [Customer]: We are based in [ADDRESS_LOCATION_REDACTED]. Agent: [Agent]: Thank you. And could you please share your official email address for sending the product brochure and demo details? [Customer]: Sure. Customer: It’s [EMAIL_REDACTED] [Agent]: Thank you, [CUSTOMER_NAME_REDACTED]. Agent: Do you also want a live demo session with one of our technical consultants? Customer: [Customer]: Yes, that would be helpful. Agent: [Agent]: Excellent. Could I have your contact number for scheduling the session? [Customer]: My number is 9876543210. Customer: [Agent]: Thank you. Agent: One final question — are you currently using any CRM or customer management platform? Customer: [Customer]: Yes, we are using Zoho CRM at the moment. Agent: [Agent]: That’s great. Customer: [CUSTOMER_NAME_REDACTED] can integrate with [ADDRESS_LOCATION_REDACTED] and several other CRM platforms. Agent: Based on your requirements, I believe our analytics and automation modules would suit your company well. Customer: [Customer]: Sounds good. Agent: [Agent]: I’ll arrange a demo session and send all the details to your email within 24 hours. Customer: [Customer]: Perfect. Agent: Thank you for your help. Customer: [Agent]: You’re welcome, [CUSTOMER_NAME_REDACTED]. Agent: Have a great day! Customer: [Customer]: You too. Agent: Bye.",,,2026-05-19T06:14:24.884505Z,"SAP C3, Zoho CRM",,,"Customer Service Automation, Analytics, Cloud Integration","Warm Lead, Interested",Evaluating,Work/personal use,,Emotionally Engaged,0.9,0,0,warm,0.627,1,0.7325,0.6979,0.82,0.754,0.741,0.6,0.6,0.995,0.65,llama,11,"[{""value"": ""SAP C3"", ""label"": ""PRODUCT"", ""name"": ""SAP C3""}, {""value"": ""Zoho CRM"", ""label"": ""PRODUCT"", ""name"": ""Zoho CRM""}, {""value"": ""Customer Service Automation"", ""label"": ""FEATURE"", ""name"": ""Customer Service Automation""}, {""value"": ""Analytics"", ""label"": ""FEATURE"", ""name"": ""Analytics""}, {""value"": ""Cloud Integration"", ""label"": ""FEATURE"", ""name"": ""Cloud Integration""}, {""value"": ""Evaluating"", ""label"": ""DECISION_STAGE"", ""name"": ""Evaluating""}, {""value"": ""Warm Lead"", ""label"": ""INTENT"", ""name"": ""Warm Lead""}, {""value"": ""Interested"", ""name"": ""Interested"", ""label"": ""INTENT""}, {""value"": ""Work/personal use"", ""name"": ""Work/personal use"", ""label"": ""USE_CASE""}]"
typed-conversation,"Customer: [Agent]: Good morning! Agent: Thank you for calling TechNova Solutions. Customer: My name is [CUSTOMER_NAME_REDACTED]. Agent: How may I assist you today? Customer: [Customer]: Hi [CUSTOMER_NAME_REDACTED], my name is [CUSTOMER_NAME_REDACTED]. Agent: I was actually looking for information about your SAP C3 platform. Customer: [Agent]: Sure, [CUSTOMER_NAME_REDACTED]. Agent: I’d be happy to help you with that. Customer: May I know if you are calling from an organization or for personal learning purposes? Agent: [Customer]: I’m calling from a small retail company called BrightMart Solutions. Customer: [Agent]: Great. Agent: And what is your role there? Customer: [Customer]: I work as an [JOB_TITLE_REDACTED]. [Agent]: Understood. So are you mainly looking for customer service automation, analytics, or cloud integration features? Agent: [Customer]: Mostly customer support automation and conversation analytics. Customer: [Agent]: Perfect. Agent: SAP C3 provides AI-powered customer interaction management, real-time analytics, sentiment analysis, and automated workflows. Approximately how many customer calls or chats does your company handle daily? [Customer]: Around 300 to 400 interactions per day. Customer: [Agent]: That’s a good scale for implementing SAP C3 solutions. Agent: May I also know your business location? Customer: [Customer]: We are based in [ADDRESS_LOCATION_REDACTED]. Agent: [Agent]: Thank you. And could you please share your official email address for sending the product brochure and demo details? [Customer]: Sure. Customer: It’s [EMAIL_REDACTED] [Agent]: Thank you, [CUSTOMER_NAME_REDACTED]. Agent: Do you also want a live demo session with one of our technical consultants? Customer: [Customer]: Yes, that would be helpful. Agent: [Agent]: Excellent. Could I have your contact number for scheduling the session? [Customer]: My number is 9876543210. Customer: [Agent]: Thank you. Agent: One final question — are you currently using any CRM or customer management platform? Customer: [Customer]: Yes, we are using Zoho CRM at the moment. Agent: [Agent]: That’s great. Customer: [CUSTOMER_NAME_REDACTED] can integrate with [ADDRESS_LOCATION_REDACTED] and several other CRM platforms. Agent: Based on your requirements, I believe our analytics and automation modules would suit your company well. Customer: [Customer]: Sounds good. Agent: [Agent]: I’ll arrange a demo session and send all the details to your email within 24 hours. Customer: [Customer]: Perfect. Agent: Thank you for your help. Customer: [Agent]: You’re welcome, [CUSTOMER_NAME_REDACTED]. Agent: Have a great day! Customer: [Customer]: You too. Agent: Bye.",,,2026-05-19T06:17:10.432064Z,"SAP C3, Zoho CRM",,,"Customer Service Automation, Analytics, Cloud Integration","Curious, Interested",Exploring,Work/personal use,,Emotionally Engaged,0.9,0,0,warm,0.592,1,0.7325,0.6979,0.82,0.754,0.691,0.5,0.6,0.995,0.65,llama,11,"[{""value"": ""SAP C3"", ""label"": ""PRODUCT"", ""name"": ""SAP C3""}, {""value"": ""Zoho CRM"", ""label"": ""PRODUCT"", ""name"": ""Zoho CRM""}, {""value"": ""Customer Service Automation"", ""label"": ""FEATURE"", ""name"": ""Customer Service Automation""}, {""value"": ""Analytics"", ""label"": ""FEATURE"", ""name"": ""Analytics""}, {""value"": ""Cloud Integration"", ""label"": ""FEATURE"", ""name"": ""Cloud Integration""}, {""value"": ""Exploring"", ""label"": ""DECISION_STAGE"", ""name"": ""Exploring""}, {""value"": ""Curious"", ""label"": ""INTENT"", ""name"": ""Curious""}, {""value"": ""Interested"", ""name"": ""Interested"", ""label"": ""INTENT""}, {""value"": ""Work/personal use"", ""name"": ""Work/personal use"", ""label"": ""USE_CASE""}]"
typed-conversation,"Customer: Good morning my name is [CUSTOMER_NAME_REDACTED] and I am from [ADDRESS_LOCATION_REDACTED], Co. Agent: My name is Arun Pichai and my email id is abhi midi 213 Thank you for your valuable information. Customer: I like to do time to",,,2026-05-19T08:09:13.535547Z,,,,,,,,,Very Positive,0.5,0,0,warm,0.496,0,0.7325,0.6979,0.82,0.754,0.71,0.5,0.5,0.83,0.0,llama,2,[]
typed-conversation,"Customer: [Agent]: Good evening! Agent: Thank you for contacting Nexa Customer Solutions. Customer: My name is [CUSTOMER_NAME_REDACTED]. Agent: How can I help you today? Customer: [Customer]: Hi [CUSTOMER_NAME_REDACTED]. I wanted to know more about your [ADDRESS_LOCATION_REDACTED] customer support platform. [Agent]: Certainly. Agent: May I know your name first? Customer: [Customer]: My name is [CUSTOMER_NAME_REDACTED]. Agent: [Agent]: Nice to meet you, Priya. Customer: Are you calling on behalf of a company? Agent: [Customer]: Yes, I work for GreenLeaf Healthcare. Customer: [Agent]: Great. Agent: And what is your role there? Customer: [Customer]: I’m the Customer Relations Executive. [Agent]: Understood. So are you mainly looking for chatbot automation, voice analytics, or customer engagement solutions? Agent: [Customer]: Mainly voice analytics and customer behavior tracking. [Agent]: That’s one of our core services. Our platform can analyze customer conversations, detect sentiment, identify keywords, and generate performance reports automatically. Customer: [Customer]: That sounds useful actually. Agent: [Agent]: Approximately how many support calls does your organization receive daily? Customer: [Customer]: Around 150 calls per day. Agent: [Agent]: That’s a good volume for analytics optimization. May I know where your company is located? [Customer]: We are based in Bangalore. Customer: [Agent]: Thank you. Agent: Are you currently using any customer support software? Customer: [Customer]: Yes, we are using [CUSTOMER_NAME_REDACTED]. Agent: [Agent]: Perfect. Our platform supports integration with Freshdesk and CRM systems. Would you like a demo session? Customer: [Customer]: Yes, definitely. Agent: [Agent]: Great. Could you share your email address so I can send the details? [Customer]: Sure. Customer: It’s [EMAIL_REDACTED] [Agent]: Thank you. Agent: And your contact number please? Customer: [Customer]: [PHONE_REDACTED]. Agent: [Agent]: Thank you, Priya. Customer: One last question — are you mainly interested in improving customer satisfaction or agent performance monitoring? Agent: [Customer]: Mostly customer satisfaction analysis. Customer: [Agent]: Excellent. Agent: Our AI models can identify customer frustration, satisfaction trends, and recurring issues from call recordings. Customer: [Customer]: That’s exactly what we are looking for. Agent: [Agent]: Wonderful. Customer: I’ll arrange a personalized demo and send the product brochure within today. Agent: [Customer]: Thank you so much. Customer: [Agent]: You’re welcome, [ADDRESS_LOCATION_REDACTED]. Agent: Have a wonderful evening! Customer: [Customer]: You too. Agent: Bye.",,,2026-05-19T08:09:42.269237Z,,,150,performance,"High Interest, Interested",Evaluating,"customer satisfaction, agent performance monitoring",,Very Positive,0.9,0,0,warm,0.635,1,0.7325,0.6979,0.82,0.754,0.751,0.8,0.5,0.996,0.5,llama,8,"[{""value"": ""customer satisfaction"", ""label"": ""USE_CASE"", ""name"": ""customer satisfaction""}, {""value"": ""agent performance monitoring"", ""label"": ""USE_CASE"", ""name"": ""agent performance monitoring""}, {""value"": ""150"", ""label"": ""BUDGET"", ""name"": ""150""}, {""value"": ""Evaluating"", ""label"": ""DECISION_STAGE"", ""name"": ""Evaluating""}, {""value"": ""High Interest"", ""label"": ""INTENT"", ""name"": ""High Interest""}, {""value"": ""performance"", ""name"": ""performance"", ""label"": ""FEATURE""}, {""value"": ""Interested"", ""name"": ""Interested"", ""label"": ""INTENT""}]"
typed-conversation,"Customer: Good afternoon. Agent: Hi, good afternoon. May I know your name please? Customer: Yes, my name is [CUSTOMER_NAME_REDACTED]. Agent: Yeah, so which product you are now seriously like so let me introduce myself. Customer: I am [CUSTOMER_NAME_REDACTED]. I am the company HR of Oxygen Private Limited. Agent: So, yeah, so we are mainly focusing on products like electronics items, mainly mobile phone, laptops and all which product you are looking now, ma'am? Customer: I am looking for Samsung S24. Agent: Okay, Samsung S24. Customer: Can you about your like budget like how much amount you are aiming like annual income can you mention and your email address and phone number also like so we can write in our notebook. Agent: Okay, so I have an annual income of almost 1 lakh and my mobile number is 9061. Customer: 6049 and my idea is 23003 at gmail.com Oh, okay. Agent: Thank you ma'am. So, what about your budget? Mainly you are looking about the budget. Customer: 65000. Agent: Yeah, so 465000 Samsung S24 is a great opportunity, option and I will suggest you iPhone 17 is good for camera and mobile and the UOS is also good. For your current budget is 65000. If you increase 20,000 also you can take iPhone as an asset. Customer: That's my suggestion actually. Agent: That's not required. Customer: Like I would want to increase my budget. Agent: So the budget is 6465000. Customer: Yeah, so you can prefer focused on Samsung mobile and also if you are looking for iPhone 14 is there 16 is there, you can also buy that also. Agent: Okay, fine. Customer: Like I'll get back to you then. Agent: Yeah, okay. We have EMI options also. Oh, I'm not opting EMI options. Customer: Okay ma'am. Agent: When you will be available for the product, can you take the product if you are looking for Samsung S23? Oh, sorry, S24 and I'll be available from today's self evening. Okay, thank you. Customer: Thank you ma'am. Agent: Have a nice day. Customer: Okay, thank you.",,,2026-05-19T08:25:36.150768Z,"Samsung S24, phone","Samsung, iPhone",65000,,Interested,Considering,,,Very Positive,0.2,2,1,warm,0.498,0,0.7325,0.6979,0.82,0.754,0.461,0.5,0.55,0.992,0.5,llama,2,"[{""value"": ""Samsung S24"", ""label"": ""PRODUCT"", ""name"": ""Samsung S24""}, {""value"": ""65000"", ""label"": ""BUDGET"", ""name"": ""65000""}, {""value"": ""Considering"", ""label"": ""DECISION_STAGE"", ""name"": ""Considering""}, {""value"": ""Interested"", ""label"": ""INTENT"", ""name"": ""Interested""}, {""value"": ""Low"", ""label"": ""URGENCY_LEVEL"", ""name"": ""Low""}, {""value"": ""phone"", ""name"": ""phone"", ""label"": ""PRODUCT""}, {""value"": ""Samsung"", ""name"": ""Samsung"", ""label"": ""BRAND""}, {""value"": ""iPhone"", ""name"": ""iPhone"", ""label"": ""BRAND""}]"
typed-conversation,"Customer: [Agent]: Good evening! Agent: Thank you for contacting Nexa Customer Solutions. Customer: My name is [CUSTOMER_NAME_REDACTED]. Agent: How can I help you today? Customer: [Customer]: Hi [CUSTOMER_NAME_REDACTED]. I wanted to know more about your [ADDRESS_LOCATION_REDACTED] customer support platform. [Agent]: Certainly. Agent: May I know your name first? Customer: [Customer]: My name is [CUSTOMER_NAME_REDACTED]. Agent: [Agent]: Nice to meet you, Priya. Customer: Are you calling on behalf of a company? Agent: [Customer]: Yes, I work for GreenLeaf Healthcare. Customer: [Agent]: Great. Agent: And what is your role there? Customer: [Customer]: I’m the Customer Relations Executive. [Agent]: Understood. So are you mainly looking for chatbot automation, voice analytics, or customer engagement solutions? Agent: [Customer]: Mainly voice analytics and customer behavior tracking. [Agent]: That’s one of our core services. Our platform can analyze customer conversations, detect sentiment, identify keywords, and generate performance reports automatically. Customer: [Customer]: That sounds useful actually. Agent: [Agent]: Approximately how many support calls does your organization receive daily? Customer: [Customer]: Around 150 calls per day. Agent: [Agent]: That’s a good volume for analytics optimization. May I know where your company is located? [Customer]: We are based in Bangalore. Customer: [Agent]: Thank you. Agent: Are you currently using any customer support software? Customer: [Customer]: Yes, we are using [CUSTOMER_NAME_REDACTED]. Agent: [Agent]: Perfect. Our platform supports integration with Freshdesk and CRM systems. Would you like a demo session? Customer: [Customer]: Yes, definitely. Agent: [Agent]: Great. Could you share your email address so I can send the details? [Customer]: Sure. Customer: It’s [EMAIL_REDACTED] [Agent]: Thank you. Agent: And your contact number please? Customer: [Customer]: [PHONE_REDACTED]. Agent: [Agent]: Thank you, Priya. Customer: One last question — are you mainly interested in improving customer satisfaction or agent performance monitoring? Agent: [Customer]: Mostly customer satisfaction analysis. Customer: [Agent]: Excellent. Agent: Our AI models can identify customer frustration, satisfaction trends, and recurring issues from call recordings. Customer: [Customer]: That’s exactly what we are looking for. Agent: [Agent]: Wonderful. Customer: I’ll arrange a personalized demo and send the product brochure within today. Agent: [Customer]: Thank you so much. Customer: [Agent]: You’re welcome, [ADDRESS_LOCATION_REDACTED]. Agent: Have a wonderful evening! Customer: [Customer]: You too. Agent: Bye.",,,2026-05-20T06:50:16.893147Z,,,150,performance,"High Interest, Interested",Evaluating,"customer satisfaction, agent performance monitoring",,Very Positive,0.9,0,0,warm,0.635,1,0.7325,0.6979,0.82,0.754,0.751,0.8,0.5,0.996,0.5,llama,8,"[{""value"": ""customer satisfaction"", ""label"": ""USE_CASE"", ""name"": ""customer satisfaction""}, {""value"": ""agent performance monitoring"", ""label"": ""USE_CASE"", ""name"": ""agent performance monitoring""}, {""value"": ""150"", ""label"": ""BUDGET"", ""name"": ""150""}, {""value"": ""Evaluating"", ""label"": ""DECISION_STAGE"", ""name"": ""Evaluating""}, {""value"": ""High Interest"", ""label"": ""INTENT"", ""name"": ""High Interest""}, {""value"": ""performance"", ""name"": ""performance"", ""label"": ""FEATURE""}, {""value"": ""Interested"", ""name"": ""Interested"", ""label"": ""INTENT""}]"
typed-conversation,"Customer: [Agent]: Good evening! Agent: Thank you for contacting Nexa Customer Solutions. Customer: My name is [CUSTOMER_NAME_REDACTED]. Agent: How can I help you today? Customer: [Customer]: Hi [CUSTOMER_NAME_REDACTED]. I wanted to know more about your [ADDRESS_LOCATION_REDACTED] customer support platform. [Agent]: Certainly. Agent: May I know your name first? Customer: [Customer]: My name is [CUSTOMER_NAME_REDACTED]. Agent: [Agent]: Nice to meet you, Priya. Customer: Are you calling on behalf of a company? Agent: [Customer]: Yes, I work for GreenLeaf Healthcare. Customer: [Agent]: Great. Agent: And what is your role there? Customer: [Customer]: I’m the Customer Relations Executive. [Agent]: Understood. So are you mainly looking for chatbot automation, voice analytics, or customer engagement solutions? Agent: [Customer]: Mainly voice analytics and customer behavior tracking. [Agent]: That’s one of our core services. Our platform can analyze customer conversations, detect sentiment, identify keywords, and generate performance reports automatically. Customer: [Customer]: That sounds useful actually. Agent: [Agent]: Approximately how many support calls does your organization receive daily? Customer: [Customer]: Around 150 calls per day. Agent: [Agent]: That’s a good volume for analytics optimization. May I know where your company is located? [Customer]: We are based in Bangalore. Customer: [Agent]: Thank you. Agent: Are you currently using any customer support software? Customer: [Customer]: Yes, we are using [CUSTOMER_NAME_REDACTED]. Agent: [Agent]: Perfect. Our platform supports integration with Freshdesk and CRM systems. Would you like a demo session? Customer: [Customer]: Yes, definitely. Agent: [Agent]: Great. Could you share your email address so I can send the details? [Customer]: Sure. Customer: It’s [EMAIL_REDACTED] [Agent]: Thank you. Agent: And your contact number please? Customer: [Customer]: [PHONE_REDACTED]. Agent: [Agent]: Thank you, Priya. Customer: One last question — are you mainly interested in improving customer satisfaction or agent performance monitoring? Agent: [Customer]: Mostly customer satisfaction analysis. Customer: [Agent]: Excellent. Agent: Our AI models can identify customer frustration, satisfaction trends, and recurring issues from call recordings. Customer: [Customer]: That’s exactly what we are looking for. Agent: [Agent]: Wonderful. Customer: I’ll arrange a personalized demo and send the product brochure within today. Agent: [Customer]: Thank you so much. Customer: [Agent]: You’re welcome, [ADDRESS_LOCATION_REDACTED]. Agent: Have a wonderful evening! Customer: [Customer]: You too. Agent: Bye.",,,2026-05-26T11:02:17.300003Z,,,150,performance,"High Interest, Interested",Evaluating,"customer satisfaction, agent performance monitoring",,Very Positive,0.9,0,0,warm,0.635,1,0.7325,0.6979,0.82,0.754,0.751,0.8,0.5,0.996,0.5,llama,8,"[{""value"": ""customer satisfaction"", ""label"": ""USE_CASE"", ""name"": ""customer satisfaction""}, {""value"": ""agent performance monitoring"", ""label"": ""USE_CASE"", ""name"": ""agent performance monitoring""}, {""value"": ""150"", ""label"": ""BUDGET"", ""name"": ""150""}, {""value"": ""Evaluating"", ""label"": ""DECISION_STAGE"", ""name"": ""Evaluating""}, {""value"": ""High Interest"", ""label"": ""INTENT"", ""name"": ""High Interest""}, {""value"": ""performance"", ""name"": ""performance"", ""label"": ""FEATURE""}, {""value"": ""Interested"", ""name"": ""Interested"", ""label"": ""INTENT""}]"
typed-conversation,"Customer: [Agent]: Good afternoon! Agent: Thank you for calling Vision Electronics. Customer: My name is [CUSTOMER_NAME_REDACTED]. Agent: How may I assist you today? Customer: [Customer]: Hi Rahul. My name is [CUSTOMER_NAME_REDACTED]. I'm looking to buy a new Smart TV for my home. Agent: [Agent]: I'd be happy to help, Arjun. Customer: May I know which city you're calling from? Agent: [Customer]: I'm calling from Kochi, Kerala. Customer: [Agent]: Great. What size TV are you looking for? [Customer]: I'm thinking about a 55-inch TV. Agent: [Agent]: Excellent choice. Customer: Do you have any preferred brands in mind? Agent: [Customer]: I've been considering Samsung, LG, and Sony. Customer: [Agent]: Those are all great options. Agent: May I know your approximate budget? Customer: [Customer]: Around ₹60,000 to ₹75,000. Agent: [Agent]: Perfect. Within that budget, I would recommend the Samsung Crystal 4K Series and the LG UHD AI ThinQ Series. What will be your primary usage—movies, sports, gaming, or regular TV channels? Customer: [Customer]: Mostly movies and OTT platforms like [ADDRESS_LOCATION_REDACTED] and Amazon Prime. Agent: [Agent]: That's helpful. Do you need any gaming features such as high refresh rates or HDMI 2.1 support? Customer: [Customer]: Not really. I don't play games much. [Agent]: Understood. Agent: How many people usually watch TV in your household? [Customer]: Four members, including my parents and my wife. Customer: [Agent]: Great. Agent: A 55-inch 4K Smart TV would be ideal for your family. Customer: Are you planning to mount it on the wall or place it on a TV unit? Agent: [Customer]: We plan to mount it on the wall. Customer: [Agent]: Noted. Agent: We provide free wall-mount installation for selected models. Could I have your email address so I can send product brochures and offers? [Customer]: Sure. Customer: My email is [EMAIL_REDACTED]. Agent: [Agent]: Thank you. And your contact number? [Customer]: 9876543210. Customer: [Agent]: Thank you, [CUSTOMER_NAME_REDACTED]. Agent: Are you planning to purchase the TV immediately or within the next few weeks? Customer: [Customer]: Most likely within the next two weeks. Agent: [Agent]: That's great. We currently have a festive offer with up to 15% discount and free installation. [Customer]: That sounds good. Customer: [Agent]: I'll send you a detailed comparison of Samsung and LG models along with the current offers. Agent: [Customer]: Perfect. Customer: That would help me decide. Agent: [Agent]: Wonderful. Customer: Is there anything else I can assist you with today? Agent: [Customer]: No, that's all. Thank you for your help. [Agent]: You're most welcome, Arjun. Customer: Have a great day! Agent: [Customer]: You too. Customer: Goodbye.",,,2026-05-26T11:44:38.168419Z,tv,"Samsung, Lg","60000, 75000",55-inch,"High Interest, Interested",Considering,Movies and OTT platforms,,Hesitant,0.3,1,0,warm,0.562,1,0.7325,0.6979,0.82,0.754,0.543,0.8,0.45,0.992,0.5,llama,5,"[{""value"": ""55-inch"", ""label"": ""FEATURE"", ""name"": ""55-inch""}, {""value"": ""60000"", ""label"": ""BUDGET"", ""name"": ""60000""}, {""value"": ""75000"", ""label"": ""BUDGET"", ""name"": ""75000""}, {""value"": ""Considering"", ""label"": ""DECISION_STAGE"", ""name"": ""Considering""}, {""value"": ""High Interest"", ""label"": ""INTENT"", ""name"": ""High Interest""}, {""value"": ""within the next two weeks"", ""label"": ""URGENCY"", ""name"": ""within the next two weeks""}, {""value"": ""Medium"", ""label"": ""URGENCY_LEVEL"", ""name"": ""Medium""}, {""value"": ""Movies and OTT platforms"", ""label"": ""USE_CASE"", ""name"": ""Movies and OTT platforms""}, {""value"": ""tv"", ""name"": ""tv"", ""label"": ""PRODUCT""}, {""value"": ""Samsung"", ""name"": ""Samsung"", ""label"": ""BRAND""}, {""value"": ""Lg"", ""name"": ""Lg"", ""label"": ""BRAND""}, {""value"": ""Interested"", ""name"": ""Interested"", ""label"": ""INTENT""}]"
typed-conversation,"Customer: [Agent]: Good morning. Agent: Thank you for contacting Nexa Solutions. Customer: My name is [CUSTOMER_NAME_REDACTED]. Agent: How can I assist you today? Customer: [Customer]: Hi [CUSTOMER_NAME_REDACTED]. Agent: I'm Rahul Menon from TechNova Systems. Customer: We are exploring customer analytics platforms and I wanted to learn more about your solution. Agent: [Agent]: Certainly, Rahul. Customer: I'd be happy to help. Agent: Could you tell me a little about your current setup? [Customer]: We currently use Zoho CRM, but we don't have any system for analyzing customer conversations or sales calls. Customer: [Agent]: Understood. Agent: Our platform can transcribe conversations, identify customer sentiment, extract key business information, and even predict conversion probability. [Customer]: That sounds interesting. Customer: Do you have any product brochure or documentation that explains the features in detail? Agent: [Agent]: Yes, we do. Customer: [Customer]: Great. Agent: Could you please send the brochure to my email? Customer: I'd like to review it with my team. Agent: [Agent]: Absolutely. I'll send it after our call. Customer: [Customer]: Also, I'm interested in understanding the pricing structure. Can you share the pricing details as well? Agent: [Agent]: Of course. [Customer]: We are planning our budget for next quarter, so having the pricing information would help us evaluate the solution internally. [Agent]: No problem. Customer: [Customer]: I don't make the final decision myself. I need to discuss this with our IT manager and operations head before moving forward. [Agent]: That makes sense. Agent: [Customer]: After I discuss it with them, let's schedule a demo session sometime next week. Customer: [Agent]: Sure, I'll arrange that. Agent: [Customer]: Actually, could someone from your technical team join the demo? We have a few integration-related questions. [Agent]: Definitely. Customer: [Customer]: Perfect. Agent: Also, if possible, please call me next Thursday afternoon after I've completed the internal discussion. Customer: [Agent]: Noted. Agent: [Customer]: One more thing. Customer: Could you share a few customer success stories or case studies? Agent: Our management team usually asks for references before approving new software. Customer: [Agent]: Yes, I can send those. Agent: [Customer]: Thank you. Customer: Once I've reviewed the documents and spoken with the stakeholders, I'll get back to you with our final feedback. Agent: [Agent]: Sounds great. Customer: We'll send the brochure, pricing information, case studies, and arrange the demo. Agent: [Customer]: Excellent. Thank you for your time. [Agent]: You're welcome. Customer: Have a great day. Agent: [Customer]: You too. Customer: Bye.",,,2026-06-02T07:56:32.858007Z,,,,,"Curious, Interested",Exploring,,,Emotionally Engaged,0.6000000000000001,2,1,warm,0.547,1,0.7325,0.6979,0.82,0.754,0.539,0.5,0.675,1.0,0.5,llama,2,"[{""value"": ""Exploring"", ""label"": ""DECISION_STAGE"", ""name"": ""Exploring""}, {""value"": ""Curious"", ""label"": ""INTENT"", ""name"": ""Curious""}, {""value"": ""Medium"", ""label"": ""URGENCY_LEVEL"", ""name"": ""Medium""}, {""value"": ""Low"", ""label"": ""PRICE_SENSITIVITY"", ""name"": ""Low""}, {""value"": ""Neutral"", ""label"": ""BRAND_LOYALTY"", ""name"": ""Neutral""}, {""value"": ""High"", ""label"": ""FOLLOW_UP_PROBABILITY"", ""name"": ""High""}, {""value"": ""Positive"", ""label"": ""EMOTIONAL_CONFIDENCE"", ""name"": ""Positive""}, {""value"": ""Interested"", ""name"": ""Interested"", ""label"": ""INTENT""}]"
typed-conversation,"Customer: [Agent]: Good morning. Agent: Thank you for contacting Nexa Solutions. Customer: My name is [CUSTOMER_NAME_REDACTED]. Agent: How can I assist you today? Customer: [Customer]: Hi [CUSTOMER_NAME_REDACTED]. Agent: I'm Rahul Menon from TechNova Systems. Customer: We are exploring customer analytics platforms and I wanted to learn more about your solution. Agent: [Agent]: Certainly, Rahul. Customer: I'd be happy to help. Agent: Could you tell me a little about your current setup? [Customer]: We currently use Zoho CRM, but we don't have any system for analyzing customer conversations or sales calls. Customer: [Agent]: Understood. Agent: Our platform can transcribe conversations, identify customer sentiment, extract key business information, and even predict conversion probability. [Customer]: That sounds interesting. Customer: Do you have any product brochure or documentation that explains the features in detail? Agent: [Agent]: Yes, we do. Customer: [Customer]: Great. Agent: Could you please send the brochure to my email? Customer: I'd like to review it with my team. Agent: [Agent]: Absolutely. I'll send it after our call. Customer: [Customer]: Also, I'm interested in understanding the pricing structure. Can you share the pricing details as well? Agent: [Agent]: Of course. [Customer]: We are planning our budget for next quarter, so having the pricing information would help us evaluate the solution internally. [Agent]: No problem. Customer: [Customer]: I don't make the final decision myself. I need to discuss this with our IT manager and operations head before moving forward. [Agent]: That makes sense. Agent: [Customer]: After I discuss it with them, let's schedule a demo session sometime next week. Customer: [Agent]: Sure, I'll arrange that. Agent: [Customer]: Actually, could someone from your technical team join the demo? We have a few integration-related questions. [Agent]: Definitely. Customer: [Customer]: Perfect. Agent: Also, if possible, please call me next Thursday afternoon after I've completed the internal discussion. Customer: [Agent]: Noted. Agent: [Customer]: One more thing. Customer: Could you share a few customer success stories or case studies? Agent: Our management team usually asks for references before approving new software. Customer: [Agent]: Yes, I can send those. Agent: [Customer]: Thank you. Customer: Once I've reviewed the documents and spoken with the stakeholders, I'll get back to you with our final feedback. Agent: [Agent]: Sounds great. Customer: We'll send the brochure, pricing information, case studies, and arrange the demo. Agent: [Customer]: Excellent. Thank you for your time. [Agent]: You're welcome. Customer: Have a great day. Agent: [Customer]: You too. Customer: Bye.",,,2026-06-02T10:04:30.425878Z,,,,,"Curious, Interested",Exploring,,,Emotionally Engaged,0.6000000000000001,2,1,warm,0.547,1,0.7325,0.6979,0.82,0.754,0.539,0.5,0.675,1.0,0.5,llama,2,"[{""value"": ""Exploring"", ""label"": ""DECISION_STAGE"", ""name"": ""Exploring""}, {""value"": ""Curious"", ""label"": ""INTENT"", ""name"": ""Curious""}, {""value"": ""Medium"", ""label"": ""URGENCY_LEVEL"", ""name"": ""Medium""}, {""value"": ""Low"", ""label"": ""PRICE_SENSITIVITY"", ""name"": ""Low""}, {""value"": ""Neutral"", ""label"": ""BRAND_LOYALTY"", ""name"": ""Neutral""}, {""value"": ""High"", ""label"": ""FOLLOW_UP_PROBABILITY"", ""name"": ""High""}, {""value"": ""Positive"", ""label"": ""EMOTIONAL_CONFIDENCE"", ""name"": ""Positive""}, {""value"": ""Interested"", ""name"": ""Interested"", ""label"": ""INTENT""}]"
typed-conversation,"Customer: [Agent]: Good afternoon. Agent: Thank you for contacting SmartMobile Store. Customer: My name is [CUSTOMER_NAME_REDACTED]. Agent: How may I help you today? Customer: [Customer]: Hi [CUSTOMER_NAME_REDACTED]. My name is [CUSTOMER_NAME_REDACTED]. I'm looking to upgrade my phone and I'm interested in the iPhone 16 Pro. Agent: [Agent]: Great choice. Customer: Are you currently using an iPhone or an Android device? Agent: [Customer]: I'm currently using an iPhone 13. Customer: It's still working fine, but I'm interested in the improved camera and battery life of the iPhone 16 Pro. Agent: [Agent]: The iPhone 16 Pro does offer significant improvements in camera quality, battery performance, and AI-powered features. Customer: [Customer]: That's good to hear. Agent: Do you have the 256GB model available? Customer: [Agent]: Yes, we do. Agent: [Customer]: Perfect. Customer: I'm particularly interested in the Natural Titanium color. Agent: [Agent]: That's one of our most popular variants. Customer: [Customer]: Can you tell me the current price? Agent: [Agent]: The iPhone 16 Pro 256GB is currently priced at ₹1,39,900. Customer: [Customer]: That's slightly above my budget. I'm looking for something around ₹1,20,000 to ₹1,25,000. [Agent]: We occasionally have promotional offers and exchange discounts. Agent: [Customer]: That's interesting. Customer: Could you send me the latest offers and exchange details? Agent: [Agent]: Certainly. Customer: [Customer]: I would also like to compare it with the Samsung Galaxy S25 Ultra before making a decision. [Agent]: That's understandable. [Customer]: Can you send me a comparison sheet between the iPhone 16 Pro and Samsung Galaxy [CUSTOMER_NAME_REDACTED]? Agent: [Agent]: Yes, I can do that. Customer: [Customer]: Great. I need some time to discuss this purchase with my wife before I finalize anything. [Agent]: No problem at all. Agent: [Customer]: Could you call me sometime next week after I've had a chance to discuss it? Customer: [Agent]: Sure, I'll make a note of that. Agent: [Customer]: Also, if there are any upcoming discounts or festival offers, please let me know. Customer: [Agent]: Absolutely. Agent: [Customer]: One more thing. Customer: Can you share a few customer reviews or feedback about the iPhone 16 Pro? Agent: [Agent]: Of course. Customer: I'll send those as well. Agent: [Customer]: Perfect. Customer: Once I've reviewed everything, I'll decide whether to purchase the iPhone 16 Pro or the Samsung Galaxy [CUSTOMER_NAME_REDACTED]. Agent: [Agent]: Sounds good. Customer: I'll send the offers, comparison sheet, and customer reviews today. Agent: [Customer]: Thank you. Customer: [Agent]: You're welcome. Agent: Have a great day. Customer: [Customer]: You too. Agent: Goodbye.",,,2026-06-02T10:06:55.251025Z,"iPhone 16 Pro, phone","Apple, Samsung, iPhone","120000, price, Budget Constraint","Natural Titanium, camera, battery",Interested,Evaluating,,,Very Positive,0.9,0,0,warm,0.658,1,0.7325,0.6979,0.82,0.754,0.729,0.6,0.525,0.997,0.85,llama,4,"[{""value"": ""iPhone 16 Pro"", ""label"": ""PRODUCT"", ""name"": ""iPhone 16 Pro""}, {""value"": ""Apple"", ""label"": ""BRAND"", ""name"": ""Apple""}, {""value"": ""120000"", ""label"": ""BUDGET"", ""name"": ""120000""}, {""value"": ""Natural Titanium"", ""label"": ""FEATURE"", ""name"": ""Natural Titanium""}, {""value"": ""Interested"", ""label"": ""INTENT"", ""name"": ""Interested""}, {""value"": ""Evaluating"", ""label"": ""DECISION_STAGE"", ""name"": ""Evaluating""}, {""value"": ""price"", ""label"": ""BUDGET"", ""name"": ""price""}, {""value"": ""Medium"", ""label"": ""URGENCY_LEVEL"", ""name"": ""Medium""}, {""value"": ""Budget Constraint"", ""label"": ""BUDGET"", ""name"": ""Budget Constraint""}, {""value"": ""High"", ""label"": ""PRICE_SENSITIVITY"", ""name"": ""High""}, {""value"": ""Low"", ""label"": ""BRAND_LOYALTY"", ""name"": ""Low""}, {""value"": ""High"", ""label"": ""FOLLOW_UP_PROBABILITY"", ""name"": ""High""}, {""value"": ""Neutral"", ""label"": ""EMOTIONAL_CONFIDENCE"", ""name"": ""Neutral""}, {""value"": ""phone"", ""name"": ""phone"", ""label"": ""PRODUCT""}, {""value"": ""Samsung"", ""name"": ""Samsung"", ""label"": ""BRAND""}, {""value"": ""iPhone"", ""name"": ""iPhone"", ""label"": ""BRAND""}, {""value"": ""camera"", ""name"": ""camera"", ""label"": ""FEATURE""}, {""value"": ""battery"", ""name"": ""battery"", ""label"": ""FEATURE""}]"
typed-conversation,"Customer: [Agent]: Good afternoon. Agent: Thank you for contacting SmartMobile Store. Customer: My name is [CUSTOMER_NAME_REDACTED]. Agent: How may I help you today? Customer: [Customer]: Hi [CUSTOMER_NAME_REDACTED]. My name is [CUSTOMER_NAME_REDACTED]. I'm looking to upgrade my phone and I'm interested in the iPhone 16 Pro. Agent: [Agent]: Great choice. Customer: Are you currently using an iPhone or an Android device? Agent: [Customer]: I'm currently using an iPhone 13. Customer: It's still working fine, but I'm interested in the improved camera and battery life of the iPhone 16 Pro. Agent: [Agent]: The iPhone 16 Pro does offer significant improvements in camera quality, battery performance, and AI-powered features. Customer: [Customer]: That's good to hear. Agent: Do you have the 256GB model available? Customer: [Agent]: Yes, we do. Agent: [Customer]: Perfect. Customer: I'm particularly interested in the Natural Titanium color. Agent: [Agent]: That's one of our most popular variants. Customer: [Customer]: Can you tell me the current price? Agent: [Agent]: The iPhone 16 Pro 256GB is currently priced at ₹1,39,900. Customer: [Customer]: That's slightly above my budget. I'm looking for something around ₹1,20,000 to ₹1,25,000. [Agent]: We occasionally have promotional offers and exchange discounts. Agent: [Customer]: That's interesting. Customer: Could you send me the latest offers and exchange details? Agent: [Agent]: Certainly. Customer: [Customer]: I would also like to compare it with the Samsung Galaxy S25 Ultra before making a decision. [Agent]: That's understandable. [Customer]: Can you send me a comparison sheet between the iPhone 16 Pro and Samsung Galaxy [CUSTOMER_NAME_REDACTED]? Agent: [Agent]: Yes, I can do that. Customer: [Customer]: Great. I need some time to discuss this purchase with my wife before I finalize anything. [Agent]: No problem at all. Agent: [Customer]: Could you call me sometime next week after I've had a chance to discuss it? Customer: [Agent]: Sure, I'll make a note of that. Agent: [Customer]: Also, if there are any upcoming discounts or festival offers, please let me know. Customer: [Agent]: Absolutely. Agent: [Customer]: One more thing. Customer: Can you share a few customer reviews or feedback about the iPhone 16 Pro? Agent: [Agent]: Of course. Customer: I'll send those as well. Agent: [Customer]: Perfect. Customer: Once I've reviewed everything, I'll decide whether to purchase the iPhone 16 Pro or the Samsung Galaxy [CUSTOMER_NAME_REDACTED]. Agent: [Agent]: Sounds good. Customer: I'll send the offers, comparison sheet, and customer reviews today. Agent: [Customer]: Thank you. Customer: [Agent]: You're welcome. Agent: Have a great day. Customer: [Customer]: You too. Agent: Goodbye.",,,2026-06-02T10:20:44.529322Z,"iPhone 16 Pro, phone","Apple, Samsung, iPhone","120000, Price","Natural Titanium, camera, battery",Interested,Evaluating,,too expensive,Very Positive,0.9,0,0,warm,0.653,1,0.7325,0.6979,0.82,0.754,0.729,0.6,0.5,0.997,0.85,llama,4,"[{""value"": ""iPhone 16 Pro"", ""label"": ""PRODUCT"", ""name"": ""iPhone 16 Pro""}, {""value"": ""Apple"", ""label"": ""BRAND"", ""name"": ""Apple""}, {""value"": ""120000"", ""label"": ""BUDGET"", ""name"": ""120000""}, {""value"": ""Natural Titanium"", ""label"": ""FEATURE"", ""name"": ""Natural Titanium""}, {""value"": ""Interested"", ""label"": ""INTENT"", ""name"": ""Interested""}, {""value"": ""Evaluating"", ""label"": ""DECISION_STAGE"", ""name"": ""Evaluating""}, {""value"": ""too expensive"", ""label"": ""OBJECTION"", ""name"": ""too expensive""}, {""value"": ""Medium"", ""label"": ""URGENCY_LEVEL"", ""name"": ""Medium""}, {""value"": ""Price"", ""label"": ""BUDGET"", ""name"": ""Price""}, {""value"": ""High"", ""label"": ""PRICE_SENSITIVITY"", ""name"": ""High""}, {""value"": ""Low"", ""label"": ""BRAND_LOYALTY"", ""name"": ""Low""}, {""value"": ""High"", ""label"": ""FOLLOW_UP_PROBABILITY"", ""name"": ""High""}, {""value"": ""Neutral"", ""label"": ""EMOTIONAL_CONFIDENCE"", ""name"": ""Neutral""}, {""value"": ""phone"", ""name"": ""phone"", ""label"": ""PRODUCT""}, {""value"": ""Samsung"", ""name"": ""Samsung"", ""label"": ""BRAND""}, {""value"": ""iPhone"", ""name"": ""iPhone"", ""label"": ""BRAND""}, {""value"": ""camera"", ""name"": ""camera"", ""label"": ""FEATURE""}, {""value"": ""battery"", ""name"": ""battery"", ""label"": ""FEATURE""}]"
typed-conversation,"Customer: [Agent]: Good afternoon. Agent: Thank you for contacting SmartMobile Store. Customer: My name is [CUSTOMER_NAME_REDACTED]. Agent: How may I help you today? Customer: [Customer]: Hi [CUSTOMER_NAME_REDACTED]. My name is [CUSTOMER_NAME_REDACTED]. I'm looking to upgrade my phone and I'm interested in the iPhone 16 Pro. Agent: [Agent]: Great choice. Customer: Are you currently using an iPhone or an Android device? Agent: [Customer]: I'm currently using an iPhone 13. Customer: It's still working fine, but I'm interested in the improved camera and battery life of the iPhone 16 Pro. Agent: [Agent]: The iPhone 16 Pro does offer significant improvements in camera quality, battery performance, and AI-powered features. Customer: [Customer]: That's good to hear. Agent: Do you have the 256GB model available? Customer: [Agent]: Yes, we do. Agent: [Customer]: Perfect. Customer: I'm particularly interested in the Natural Titanium color. Agent: [Agent]: That's one of our most popular variants. Customer: [Customer]: Can you tell me the current price? Agent: [Agent]: The iPhone 16 Pro 256GB is currently priced at ₹1,39,900. Customer: [Customer]: That's slightly above my budget. I'm looking for something around ₹1,20,000 to ₹1,25,000. [Agent]: We occasionally have promotional offers and exchange discounts. Agent: [Customer]: That's interesting. Customer: Could you send me the latest offers and exchange details? Agent: [Agent]: Certainly. Customer: [Customer]: I would also like to compare it with the Samsung Galaxy S25 Ultra before making a decision. [Agent]: That's understandable. [Customer]: Can you send me a comparison sheet between the iPhone 16 Pro and Samsung Galaxy [CUSTOMER_NAME_REDACTED]? Agent: [Agent]: Yes, I can do that. Customer: [Customer]: Great. I need some time to discuss this purchase with my wife before I finalize anything. [Agent]: No problem at all. Agent: [Customer]: Could you call me sometime next week after I've had a chance to discuss it? Customer: [Agent]: Sure, I'll make a note of that. Agent: [Customer]: Also, if there are any upcoming discounts or festival offers, please let me know. Customer: [Agent]: Absolutely. Agent: [Customer]: One more thing. Customer: Can you share a few customer reviews or feedback about the iPhone 16 Pro? Agent: [Agent]: Of course. Customer: I'll send those as well. Agent: [Customer]: Perfect. Customer: Once I've reviewed everything, I'll decide whether to purchase the iPhone 16 Pro or the Samsung Galaxy [CUSTOMER_NAME_REDACTED]. Agent: [Agent]: Sounds good. Customer: I'll send the offers, comparison sheet, and customer reviews today. Agent: [Customer]: Thank you. Customer: [Agent]: You're welcome. Agent: Have a great day. Customer: [Customer]: You too. Agent: Goodbye.",,,2026-06-02T10:22:29.065043Z,"iPhone 16 Pro, phone","Apple, Samsung, iPhone","120000, Price","Natural Titanium, camera, battery","High Interest, Interested",Evaluating,,too expensive,Very Positive,0.9,0,0,warm,0.693,1,0.7325,0.6979,0.82,0.754,0.729,0.8,0.5,0.997,0.85,llama,4,"[{""value"": ""iPhone 16 Pro"", ""label"": ""PRODUCT"", ""name"": ""iPhone 16 Pro""}, {""value"": ""Apple"", ""label"": ""BRAND"", ""name"": ""Apple""}, {""value"": ""120000"", ""label"": ""BUDGET"", ""name"": ""120000""}, {""value"": ""Natural Titanium"", ""label"": ""FEATURE"", ""name"": ""Natural Titanium""}, {""value"": ""Evaluating"", ""label"": ""DECISION_STAGE"", ""name"": ""Evaluating""}, {""value"": ""High Interest"", ""label"": ""INTENT"", ""name"": ""High Interest""}, {""value"": ""too expensive"", ""label"": ""OBJECTION"", ""name"": ""too expensive""}, {""value"": ""Medium"", ""label"": ""URGENCY_LEVEL"", ""name"": ""Medium""}, {""value"": ""Price"", ""label"": ""BUDGET"", ""name"": ""Price""}, {""value"": ""High"", ""label"": ""PRICE_SENSITIVITY"", ""name"": ""High""}, {""value"": ""Low"", ""label"": ""BRAND_LOYALTY"", ""name"": ""Low""}, {""value"": ""High"", ""label"": ""FOLLOW_UP_PROBABILITY"", ""name"": ""High""}, {""value"": ""Neutral"", ""label"": ""EMOTIONAL_CONFIDENCE"", ""name"": ""Neutral""}, {""value"": ""phone"", ""name"": ""phone"", ""label"": ""PRODUCT""}, {""value"": ""Samsung"", ""name"": ""Samsung"", ""label"": ""BRAND""}, {""value"": ""iPhone"", ""name"": ""iPhone"", ""label"": ""BRAND""}, {""value"": ""camera"", ""name"": ""camera"", ""label"": ""FEATURE""}, {""value"": ""battery"", ""name"": ""battery"", ""label"": ""FEATURE""}, {""value"": ""Interested"", ""name"": ""Interested"", ""label"": ""INTENT""}]"
typed-conversation,"Customer: [Agent]: Good morning. Agent: Thank you for contacting DigitalHub Electronics. Customer: My name is [CUSTOMER_NAME_REDACTED]. Agent: How can I assist you today? Customer: [Customer]: Hi [CUSTOMER_NAME_REDACTED]. My name is [CUSTOMER_NAME_REDACTED]. I'm looking to buy a new laptop for my work and personal use. Agent: [Agent]: Certainly, Michael. Customer: Do you have any particular model in mind? Agent: [Customer]: Yes. Customer: I've been looking at the Dell XPS 15 and the MacBook Pro M4. Agent: [Agent]: Both are excellent choices. Customer: What kind of work do you primarily do? Agent: [Customer]: I'm a graphic designer, so I use Adobe Photoshop, Illustrator, and sometimes video editing software. Customer: [Agent]: In that case, both devices would perform very well, especially the MacBook Pro. Agent: [Customer]: That's what I've heard. Customer: Could you tell me the price of the MacBook Pro M4 with 16GB RAM and 512GB SSD? Agent: [Agent]: The current price is approximately ₹1,89,000. Customer: [Customer]: That's a little higher than my budget. Agent: I'm hoping to stay around ₹1,60,000. [Agent]: We may have exchange offers and EMI options available. [Customer]: That sounds helpful. Customer: Could you send me the details of the exchange offers and EMI plans? Agent: [Agent]: Absolutely. Customer: [Customer]: I would also like to compare [ADDRESS_LOCATION_REDACTED] with the Dell XPS 15 before making a final decision. Agent: [Agent]: Sure, I can help with that. Customer: [Customer]: Can you share a detailed comparison sheet covering performance, battery life, and display quality? Agent: [Agent]: Certainly. Customer: [Customer]: Great. Agent: I also need to discuss this purchase with my finance manager because the laptop will be partially sponsored by my company. Customer: [Agent]: Understood. Agent: [Customer]: Once I've discussed it internally, could you give me a call sometime next Wednesday? Customer: [Agent]: Yes, I'll schedule a follow-up. Agent: [Customer]: Perfect. Also, if there are any upcoming Independence Day offers or discounts, please let me know. [Agent]: Of course. Customer: [Customer]: One more thing. Agent: Could you share some customer reviews or testimonials for the MacBook Pro M4? Customer: [Agent]: Definitely. Agent: I'll send those along with the comparison sheet. Customer: [Customer]: Excellent. Agent: After reviewing everything, I'll decide between the MacBook Pro M4 and the Dell XPS 15. Customer: [Agent]: Sounds great. Agent: I'll send the EMI details, exchange offers, comparison document, and customer reviews today. Customer: [Customer]: Thank you very much. Agent: [Agent]: You're welcome, Michael. Customer: Have a wonderful day. Agent: [Customer]: You too. Customer: Goodbye.",,,2026-06-02T10:28:23.520228Z,"Dell XPS 15, MacBook Pro M4, laptop",Dell,Price,"16GB RAM, 512GB SSD, battery, display, ram, performance",High Interest,Evaluating,,"too expensive, no EMI",Very Positive,0.9,0,0,warm,0.679,1,0.7325,0.6979,0.82,0.754,0.715,0.8,0.625,1.0,0.8,llama,4,"[{""value"": ""Dell XPS 15"", ""label"": ""PRODUCT"", ""name"": ""Dell XPS 15""}, {""value"": ""MacBook Pro M4"", ""label"": ""PRODUCT"", ""name"": ""MacBook Pro M4""}, {""value"": ""16GB RAM"", ""label"": ""FEATURE"", ""name"": ""16GB RAM""}, {""value"": ""512GB SSD"", ""label"": ""FEATURE"", ""name"": ""512GB SSD""}, {""value"": ""Evaluating"", ""label"": ""DECISION_STAGE"", ""name"": ""Evaluating""}, {""value"": ""High Interest"", ""label"": ""INTENT"", ""name"": ""High Interest""}, {""value"": ""too expensive"", ""label"": ""OBJECTION"", ""name"": ""too expensive""}, {""value"": ""no EMI"", ""label"": ""OBJECTION"", ""name"": ""no EMI""}, {""value"": ""Medium"", ""label"": ""URGENCY_LEVEL"", ""name"": ""Medium""}, {""value"": ""Price"", ""label"": ""BUDGET"", ""name"": ""Price""}, {""value"": ""High"", ""label"": ""PRICE_SENSITIVITY"", ""name"": ""High""}, {""value"": ""Low"", ""label"": ""BRAND_LOYALTY"", ""name"": ""Low""}, {""value"": ""High"", ""label"": ""FOLLOW_UP_PROBABILITY"", ""name"": ""High""}, {""value"": ""Positive"", ""label"": ""EMOTIONAL_CONFIDENCE"", ""name"": ""Positive""}, {""value"": ""laptop"", ""name"": ""laptop"", ""label"": ""PRODUCT""}, {""value"": ""Dell"", ""name"": ""Dell"", ""label"": ""BRAND""}, {""value"": ""battery"", ""name"": ""battery"", ""label"": ""FEATURE""}, {""value"": ""display"", ""name"": ""display"", ""label"": ""FEATURE""}, {""value"": ""ram"", ""name"": ""ram"", ""label"": ""FEATURE""}, {""value"": ""performance"", ""name"": ""performance"", ""label"": ""FEATURE""}]"
typed-conversation,"Customer: [Agent]: Good morning. Agent: Thank you for contacting DigitalHub Electronics. Customer: My name is [CUSTOMER_NAME_REDACTED]. Agent: How can I assist you today? Customer: [Customer]: Hi [CUSTOMER_NAME_REDACTED]. My name is [CUSTOMER_NAME_REDACTED]. I'm looking to buy a new laptop for my work and personal use. Agent: [Agent]: Certainly, Michael. Customer: Do you have any particular model in mind? Agent: [Customer]: Yes. Customer: I've been looking at the Dell XPS 15 and the MacBook Pro M4. Agent: [Agent]: Both are excellent choices. Customer: What kind of work do you primarily do? Agent: [Customer]: I'm a graphic designer, so I use Adobe Photoshop, Illustrator, and sometimes video editing software. Customer: [Agent]: In that case, both devices would perform very well, especially the MacBook Pro. Agent: [Customer]: That's what I've heard. Customer: Could you tell me the price of the MacBook Pro M4 with 16GB RAM and 512GB SSD? Agent: [Agent]: The current price is approximately ₹1,89,000. Customer: [Customer]: That's a little higher than my budget. Agent: I'm hoping to stay around ₹1,60,000. [Agent]: We may have exchange offers and EMI options available. [Customer]: That sounds helpful. Customer: Could you send me the details of the exchange offers and EMI plans? Agent: [Agent]: Absolutely. Customer: [Customer]: I would also like to compare [ADDRESS_LOCATION_REDACTED] with the Dell XPS 15 before making a final decision. Agent: [Agent]: Sure, I can help with that. Customer: [Customer]: Can you share a detailed comparison sheet covering performance, battery life, and display quality? Agent: [Agent]: Certainly. Customer: [Customer]: Great. Agent: I also need to discuss this purchase with my finance manager because the laptop will be partially sponsored by my company. Customer: [Agent]: Understood. Agent: [Customer]: Once I've discussed it internally, could you give me a call sometime next Wednesday? Customer: [Agent]: Yes, I'll schedule a follow-up. Agent: [Customer]: Perfect. Also, if there are any upcoming Independence Day offers or discounts, please let me know. [Agent]: Of course. Customer: [Customer]: One more thing. Agent: Could you share some customer reviews or testimonials for the MacBook Pro M4? Customer: [Agent]: Definitely. Agent: I'll send those along with the comparison sheet. Customer: [Customer]: Excellent. Agent: After reviewing everything, I'll decide between the MacBook Pro M4 and the Dell XPS 15. Customer: [Agent]: Sounds great. Agent: I'll send the EMI details, exchange offers, comparison document, and customer reviews today. Customer: [Customer]: Thank you very much. Agent: [Agent]: You're welcome, Michael. Customer: Have a wonderful day. Agent: [Customer]: You too. Customer: Goodbye.",,,2026-06-02T10:42:51.661266Z,"Dell XPS 15, MacBook Pro M4, laptop",Dell,Price,"16GB RAM, 512GB SSD, battery, display, ram, performance",High Interest,Evaluating,,"too expensive, no EMI",Very Positive,0.9,0,0,warm,0.679,1,0.7325,0.6979,0.82,0.754,0.715,0.8,0.625,1.0,0.8,llama,4,"[{""value"": ""Dell XPS 15"", ""label"": ""PRODUCT"", ""name"": ""Dell XPS 15""}, {""value"": ""MacBook Pro M4"", ""label"": ""PRODUCT"", ""name"": ""MacBook Pro M4""}, {""value"": ""16GB RAM"", ""label"": ""FEATURE"", ""name"": ""16GB RAM""}, {""value"": ""512GB SSD"", ""label"": ""FEATURE"", ""name"": ""512GB SSD""}, {""value"": ""Evaluating"", ""label"": ""DECISION_STAGE"", ""name"": ""Evaluating""}, {""value"": ""High Interest"", ""label"": ""INTENT"", ""name"": ""High Interest""}, {""value"": ""too expensive"", ""label"": ""OBJECTION"", ""name"": ""too expensive""}, {""value"": ""no EMI"", ""label"": ""OBJECTION"", ""name"": ""no EMI""}, {""value"": ""Medium"", ""label"": ""URGENCY_LEVEL"", ""name"": ""Medium""}, {""value"": ""Price"", ""label"": ""BUDGET"", ""name"": ""Price""}, {""value"": ""High"", ""label"": ""PRICE_SENSITIVITY"", ""name"": ""High""}, {""value"": ""Low"", ""label"": ""BRAND_LOYALTY"", ""name"": ""Low""}, {""value"": ""High"", ""label"": ""FOLLOW_UP_PROBABILITY"", ""name"": ""High""}, {""value"": ""Positive"", ""label"": ""EMOTIONAL_CONFIDENCE"", ""name"": ""Positive""}, {""value"": ""laptop"", ""name"": ""laptop"", ""label"": ""PRODUCT""}, {""value"": ""Dell"", ""name"": ""Dell"", ""label"": ""BRAND""}, {""value"": ""battery"", ""name"": ""battery"", ""label"": ""FEATURE""}, {""value"": ""display"", ""name"": ""display"", ""label"": ""FEATURE""}, {""value"": ""ram"", ""name"": ""ram"", ""label"": ""FEATURE""}, {""value"": ""performance"", ""name"": ""performance"", ""label"": ""FEATURE""}]"
typed-conversation,"Customer: [Agent]: Good morning. Agent: Thank you for contacting DigitalHub Electronics. Customer: My name is [CUSTOMER_NAME_REDACTED]. Agent: How can I assist you today? Customer: [Customer]: Hi [CUSTOMER_NAME_REDACTED]. My name is [CUSTOMER_NAME_REDACTED]. I'm looking to buy a new laptop for my work and personal use. Agent: [Agent]: Certainly, Michael. Customer: Do you have any particular model in mind? Agent: [Customer]: Yes. Customer: I've been looking at the Dell XPS 15 and the MacBook Pro M4. Agent: [Agent]: Both are excellent choices. Customer: What kind of work do you primarily do? Agent: [Customer]: I'm a graphic designer, so I use Adobe Photoshop, Illustrator, and sometimes video editing software. Customer: [Agent]: In that case, both devices would perform very well, especially the MacBook Pro. Agent: [Customer]: That's what I've heard. Customer: Could you tell me the price of the MacBook Pro M4 with 16GB RAM and 512GB SSD? Agent: [Agent]: The current price is approximately ₹1,89,000. Customer: [Customer]: That's a little higher than my budget. Agent: I'm hoping to stay around ₹1,60,000. [Agent]: We may have exchange offers and EMI options available. [Customer]: That sounds helpful. Customer: Could you send me the details of the exchange offers and EMI plans? Agent: [Agent]: Absolutely. Customer: [Customer]: I would also like to compare [ADDRESS_LOCATION_REDACTED] with the Dell XPS 15 before making a final decision. Agent: [Agent]: Sure, I can help with that. Customer: [Customer]: Can you share a detailed comparison sheet covering performance, battery life, and display quality? Agent: [Agent]: Certainly. Customer: [Customer]: Great. Agent: I also need to discuss this purchase with my finance manager because the laptop will be partially sponsored by my company. Customer: [Agent]: Understood. Agent: [Customer]: Once I've discussed it internally, could you give me a call sometime next Wednesday? Customer: [Agent]: Yes, I'll schedule a follow-up. Agent: [Customer]: Perfect. Also, if there are any upcoming Independence Day offers or discounts, please let me know. [Agent]: Of course. Customer: [Customer]: One more thing. Agent: Could you share some customer reviews or testimonials for the MacBook Pro M4? Customer: [Agent]: Definitely. Agent: I'll send those along with the comparison sheet. Customer: [Customer]: Excellent. Agent: After reviewing everything, I'll decide between the MacBook Pro M4 and the Dell XPS 15. Customer: [Agent]: Sounds great. Agent: I'll send the EMI details, exchange offers, comparison document, and customer reviews today. Customer: [Customer]: Thank you very much. Agent: [Agent]: You're welcome, Michael. Customer: Have a wonderful day. Agent: [Customer]: You too. Customer: Goodbye.",,,2026-06-03T10:01:31.269845Z,"Dell XPS 15, MacBook Pro M4, laptop",Dell,Price,"16GB RAM, 512GB SSD, battery, display, ram, performance",High Interest,Evaluating,,"too expensive, no EMI",Very Positive,0.9,0,0,warm,0.679,1,0.7325,0.6979,0.82,0.754,0.715,0.8,0.625,1.0,0.8,llama,4,"[{""value"": ""Dell XPS 15"", ""label"": ""PRODUCT"", ""name"": ""Dell XPS 15""}, {""value"": ""MacBook Pro M4"", ""label"": ""PRODUCT"", ""name"": ""MacBook Pro M4""}, {""value"": ""16GB RAM"", ""label"": ""FEATURE"", ""name"": ""16GB RAM""}, {""value"": ""512GB SSD"", ""label"": ""FEATURE"", ""name"": ""512GB SSD""}, {""value"": ""Evaluating"", ""label"": ""DECISION_STAGE"", ""name"": ""Evaluating""}, {""value"": ""High Interest"", ""label"": ""INTENT"", ""name"": ""High Interest""}, {""value"": ""too expensive"", ""label"": ""OBJECTION"", ""name"": ""too expensive""}, {""value"": ""no EMI"", ""label"": ""OBJECTION"", ""name"": ""no EMI""}, {""value"": ""Medium"", ""label"": ""URGENCY_LEVEL"", ""name"": ""Medium""}, {""value"": ""Price"", ""label"": ""BUDGET"", ""name"": ""Price""}, {""value"": ""High"", ""label"": ""PRICE_SENSITIVITY"", ""name"": ""High""}, {""value"": ""Low"", ""label"": ""BRAND_LOYALTY"", ""name"": ""Low""}, {""value"": ""High"", ""label"": ""FOLLOW_UP_PROBABILITY"", ""name"": ""High""}, {""value"": ""Positive"", ""label"": ""EMOTIONAL_CONFIDENCE"", ""name"": ""Positive""}, {""value"": ""laptop"", ""name"": ""laptop"", ""label"": ""PRODUCT""}, {""value"": ""Dell"", ""name"": ""Dell"", ""label"": ""BRAND""}, {""value"": ""battery"", ""name"": ""battery"", ""label"": ""FEATURE""}, {""value"": ""display"", ""name"": ""display"", ""label"": ""FEATURE""}, {""value"": ""ram"", ""name"": ""ram"", ""label"": ""FEATURE""}, {""value"": ""performance"", ""name"": ""performance"", ""label"": ""FEATURE""}]"
typed-conversation,"Customer: [Agent]: Good morning. Agent: Thank you for contacting DigitalHub Electronics. Customer: My name is [CUSTOMER_NAME_REDACTED]. Agent: How can I assist you today? Customer: [Customer]: Hi [CUSTOMER_NAME_REDACTED]. My name is [CUSTOMER_NAME_REDACTED]. I'm looking to buy a new laptop for my work and personal use. Agent: [Agent]: Certainly, Michael. Customer: Do you have any particular model in mind? Agent: [Customer]: Yes. Customer: I've been looking at the Dell XPS 15 and the MacBook Pro M4. Agent: [Agent]: Both are excellent choices. Customer: What kind of work do you primarily do? Agent: [Customer]: I'm a graphic designer, so I use Adobe Photoshop, Illustrator, and sometimes video editing software. Customer: [Agent]: In that case, both devices would perform very well, especially the MacBook Pro. Agent: [Customer]: That's what I've heard. Customer: Could you tell me the price of the MacBook Pro M4 with 16GB RAM and 512GB SSD? Agent: [Agent]: The current price is approximately ₹1,89,000. Customer: [Customer]: That's a little higher than my budget. Agent: I'm hoping to stay around ₹1,60,000. [Agent]: We may have exchange offers and EMI options available. [Customer]: That sounds helpful. Customer: Could you send me the details of the exchange offers and EMI plans? Agent: [Agent]: Absolutely. Customer: [Customer]: I would also like to compare [ADDRESS_LOCATION_REDACTED] with the Dell XPS 15 before making a final decision. Agent: [Agent]: Sure, I can help with that. Customer: [Customer]: Can you share a detailed comparison sheet covering performance, battery life, and display quality? Agent: [Agent]: Certainly. Customer: [Customer]: Great. Agent: I also need to discuss this purchase with my finance manager because the laptop will be partially sponsored by my company. Customer: [Agent]: Understood. Agent: [Customer]: Once I've discussed it internally, could you give me a call sometime next Wednesday? Customer: [Agent]: Yes, I'll schedule a follow-up. Agent: [Customer]: Perfect. Also, if there are any upcoming Independence Day offers or discounts, please let me know. [Agent]: Of course. Customer: [Customer]: One more thing. Agent: Could you share some customer reviews or testimonials for the MacBook Pro M4? Customer: [Agent]: Definitely. Agent: I'll send those along with the comparison sheet. Customer: [Customer]: Excellent. Agent: After reviewing everything, I'll decide between the MacBook Pro M4 and the Dell XPS 15. Customer: [Agent]: Sounds great. Agent: I'll send the EMI details, exchange offers, comparison document, and customer reviews today. Customer: [Customer]: Thank you very much. Agent: [Agent]: You're welcome, Michael. Customer: Have a wonderful day. Agent: [Customer]: You too. Customer: Goodbye.",,,2026-06-03T10:26:13.085650Z,"Dell XPS 15, MacBook Pro M4, laptop",Dell,Price,"16GB RAM, 512GB SSD, battery, display, ram, performance",High Interest,Evaluating,,"too expensive, no EMI",Very Positive,0.9,0,0,warm,0.679,1,0.7325,0.6979,0.82,0.754,0.715,0.8,0.625,1.0,0.8,llama,4,"[{""value"": ""Dell XPS 15"", ""label"": ""PRODUCT"", ""name"": ""Dell XPS 15""}, {""value"": ""MacBook Pro M4"", ""label"": ""PRODUCT"", ""name"": ""MacBook Pro M4""}, {""value"": ""16GB RAM"", ""label"": ""FEATURE"", ""name"": ""16GB RAM""}, {""value"": ""512GB SSD"", ""label"": ""FEATURE"", ""name"": ""512GB SSD""}, {""value"": ""Evaluating"", ""label"": ""DECISION_STAGE"", ""name"": ""Evaluating""}, {""value"": ""High Interest"", ""label"": ""INTENT"", ""name"": ""High Interest""}, {""value"": ""too expensive"", ""label"": ""OBJECTION"", ""name"": ""too expensive""}, {""value"": ""no EMI"", ""label"": ""OBJECTION"", ""name"": ""no EMI""}, {""value"": ""Medium"", ""label"": ""URGENCY_LEVEL"", ""name"": ""Medium""}, {""value"": ""Price"", ""label"": ""BUDGET"", ""name"": ""Price""}, {""value"": ""High"", ""label"": ""PRICE_SENSITIVITY"", ""name"": ""High""}, {""value"": ""Low"", ""label"": ""BRAND_LOYALTY"", ""name"": ""Low""}, {""value"": ""High"", ""label"": ""FOLLOW_UP_PROBABILITY"", ""name"": ""High""}, {""value"": ""Positive"", ""label"": ""EMOTIONAL_CONFIDENCE"", ""name"": ""Positive""}, {""value"": ""laptop"", ""name"": ""laptop"", ""label"": ""PRODUCT""}, {""value"": ""Dell"", ""name"": ""Dell"", ""label"": ""BRAND""}, {""value"": ""battery"", ""name"": ""battery"", ""label"": ""FEATURE""}, {""value"": ""display"", ""name"": ""display"", ""label"": ""FEATURE""}, {""value"": ""ram"", ""name"": ""ram"", ""label"": ""FEATURE""}, {""value"": ""performance"", ""name"": ""performance"", ""label"": ""FEATURE""}]"
typed-conversation,"Customer: [Agent]: Good morning. Agent: Thank you for contacting DigitalHub Electronics. Customer: My name is [CUSTOMER_NAME_REDACTED]. Agent: How can I assist you today? Customer: [Customer]: Hi Jennifer. My name is [CUSTOMER_NAME_REDACTED]. I'm looking to buy a new laptop for my work and personal use. Agent: [Agent]: Certainly, Michael. Customer: Do you have any particular model in mind? Agent: [Customer]: Yes. Customer: I've been looking at the Dell XPS 15 and the MacBook Pro M4. Agent: [Agent]: Both are excellent choices. Customer: What kind of work do you primarily do? Agent: [Customer]: I'm a graphic designer, so I use Adobe Photoshop, Illustrator, and sometimes video editing software. Customer: [Agent]: In that case, both devices would perform very well, especially the MacBook Pro. Agent: [Customer]: That's what I've heard. Customer: Could you tell me the price of the MacBook Pro M4 with 16GB RAM and 512GB SSD? Agent: [Agent]: The current price is approximately ₹1,89,000. Customer: [Customer]: That's a little higher than my budget. Agent: I'm hoping to stay around ₹1,60,000. [Agent]: We may have exchange offers and EMI options available. [Customer]: That sounds helpful. Customer: Could you send me the details of the exchange offers and EMI plans? Agent: [Agent]: Absolutely. Customer: [Customer]: I would also like to compare the MacBook Pro M4 with the Dell XPS 15 before making a final decision. Agent: [Agent]: Sure, I can help with that. Customer: [Customer]: Can you share a detailed comparison sheet covering performance, battery life, and display quality? Agent: [Agent]: Certainly. Customer: [Customer]: Great. Agent: I also need to discuss this purchase with my finance manager because the laptop will be partially sponsored by my company. Customer: [Agent]: Understood. Agent: [Customer]: Once I've discussed it internally, could you give me a call sometime next Wednesday? Customer: [Agent]: Yes, I'll schedule a follow-up. Agent: [Customer]: Perfect. Also, if there are any upcoming Independence Day offers or discounts, please let me know. [Agent]: Of course. Customer: [Customer]: One more thing. Agent: Could you share some customer reviews or testimonials for the MacBook Pro M4? Customer: [Agent]: Definitely. Agent: I'll send those along with the comparison sheet. Customer: [Customer]: Excellent. Agent: After reviewing everything, I'll decide between the MacBook Pro M4 and the Dell XPS 15. Customer: [Agent]: Sounds great. Agent: I'll send the EMI details, exchange offers, comparison document, and customer reviews today. Customer: [Customer]: Thank you very much. Agent: [Agent]: You're welcome, Michael. Customer: Have a wonderful day. Agent: [Customer]: You too. Customer: Goodbye.",,,2026-06-09T09:39:06.148053Z,"Dell XPS 15, MacBook Pro M4, laptop",Dell,Price,"16GB RAM, 512GB SSD, battery, display, ram, performance",High Interest,Evaluating,,no EMI,Very Positive,0.9,0,0,warm,0.688,1,0.7325,0.6979,0.82,0.754,0.727,0.8,0.65,1.0,0.8,llama,2,"[{""value"": ""Dell XPS 15"", ""label"": ""PRODUCT"", ""name"": ""Dell XPS 15""}, {""value"": ""MacBook Pro M4"", ""label"": ""PRODUCT"", ""name"": ""MacBook Pro M4""}, {""value"": ""16GB RAM"", ""label"": ""FEATURE"", ""name"": ""16GB RAM""}, {""value"": ""512GB SSD"", ""label"": ""FEATURE"", ""name"": ""512GB SSD""}, {""value"": ""Evaluating"", ""label"": ""DECISION_STAGE"", ""name"": ""Evaluating""}, {""value"": ""High Interest"", ""label"": ""INTENT"", ""name"": ""High Interest""}, {""value"": ""no EMI"", ""label"": ""OBJECTION"", ""name"": ""no EMI""}, {""value"": ""Price"", ""label"": ""BUDGET"", ""name"": ""Price""}, {""value"": ""High"", ""label"": ""PRICE_SENSITIVITY"", ""name"": ""High""}, {""value"": ""Positive"", ""label"": ""EMOTIONAL_CONFIDENCE"", ""name"": ""Positive""}, {""value"": ""laptop"", ""name"": ""laptop"", ""label"": ""PRODUCT""}, {""value"": ""Dell"", ""name"": ""Dell"", ""label"": ""BRAND""}, {""value"": ""battery"", ""name"": ""battery"", ""label"": ""FEATURE""}, {""value"": ""display"", ""name"": ""display"", ""label"": ""FEATURE""}, {""value"": ""ram"", ""name"": ""ram"", ""label"": ""FEATURE""}, {""value"": ""performance"", ""name"": ""performance"", ""label"": ""FEATURE""}]"
typed-conversation,"Agent: Good morning. Thank you for contacting DigitalHub Electronics. My name is Jennifer. How can I assist you today? Customer: Hi Jennifer. My name is [CUSTOMER_NAME_REDACTED]. I'm looking to buy a new laptop for my work and personal use. Agent: Certainly, Michael. Do you have any particular model in mind? Customer: Yes. I've been looking at the Dell XPS 15 and the MacBook Pro M4. Agent: Both are excellent choices. What kind of work do you primarily do? Customer: I'm a graphic designer, so I use Adobe Photoshop, Illustrator, and sometimes video editing software. Agent: In that case, both devices would perform very well, especially the MacBook Pro. Customer: That's what I've heard. Could you tell me the price of the MacBook Pro M4 with 16GB RAM and 512GB SSD? Agent: The current price is approximately ₹1,89,000. Customer: That's a little higher than my budget. I'm hoping to stay around ₹1,60,000. Agent: We may have exchange offers and EMI options available. Customer: That sounds helpful. Could you send me the details of the exchange offers and EMI plans? Agent: Absolutely. Customer: I would also like to compare the MacBook Pro M4 with the Dell XPS 15 before making a final decision. Agent: Sure, I can help with that. Customer: Can you share a detailed comparison sheet covering performance, battery life, and display quality? Agent: Certainly. Customer: Great. I also need to discuss this purchase with my finance manager because the laptop will be partially sponsored by my company. Agent: Understood. Customer: Once I've discussed it internally, could you give me a call sometime next Wednesday? Agent: Yes, I'll schedule a follow-up. Customer: Perfect. Also, if there are any upcoming Independence Day offers or discounts, please let me know. Agent: Of course. Customer: One more thing. Could you share some customer reviews or testimonials for the MacBook Pro M4? Agent: Definitely. I'll send those along with the comparison sheet. Customer: Excellent. After reviewing everything, I'll decide between the MacBook Pro M4 and the Dell XPS 15. Agent: Sounds great. I'll send the EMI details, exchange offers, comparison document, and customer reviews today. Customer: Thank you very much. Agent: You're welcome, Michael. Have a wonderful day. Customer: You too. Goodbye.",,,2026-06-09T10:06:54.979111Z,"Dell XPS 15, MacBook Pro M4, laptop",Dell,"160000, Price","battery, display, ram, performance, video",High Interest,Evaluating,"Adobe Photoshop, Illustrator, video editing software",no EMI,Emotionally Engaged,0.5,0,0,hot,0.759,1,0.7325,0.6979,0.82,0.754,0.728,0.8,0.75,0.992,1.0,llama,1,"[{""value"": ""Dell XPS 15"", ""label"": ""PRODUCT"", ""name"": ""Dell XPS 15""}, {""value"": ""MacBook Pro M4"", ""label"": ""PRODUCT"", ""name"": ""MacBook Pro M4""}, {""value"": ""160000"", ""label"": ""BUDGET"", ""name"": ""160000""}, {""value"": ""Adobe Photoshop, Illustrator, video editing software"", ""label"": ""USE_CASE"", ""name"": ""Adobe Photoshop, Illustrator, video editing software""}, {""value"": ""Evaluating"", ""label"": ""DECISION_STAGE"", ""name"": ""Evaluating""}, {""value"": ""High Interest"", ""label"": ""INTENT"", ""name"": ""High Interest""}, {""value"": ""no EMI"", ""label"": ""OBJECTION"", ""name"": ""no EMI""}, {""value"": ""Price"", ""label"": ""BUDGET"", ""name"": ""Price""}, {""value"": ""High"", ""label"": ""PRICE_SENSITIVITY"", ""name"": ""High""}, {""value"": ""laptop"", ""name"": ""laptop"", ""label"": ""PRODUCT""}, {""value"": ""Dell"", ""name"": ""Dell"", ""label"": ""BRAND""}, {""value"": ""battery"", ""name"": ""battery"", ""label"": ""FEATURE""}, {""value"": ""display"", ""name"": ""display"", ""label"": ""FEATURE""}, {""value"": ""ram"", ""name"": ""ram"", ""label"": ""FEATURE""}, {""value"": ""performance"", ""name"": ""performance"", ""label"": ""FEATURE""}, {""value"": ""video"", ""name"": ""video"", ""label"": ""FEATURE""}]"
integration-test-client,"Customer: Hello, my name is [CUSTOMER_NAME_REDACTED] and I am looking for a Dell laptop for my office. My budget is around 80,000 INR. I need it this week.",,,2026-06-10T07:40:44.215767Z,laptop,Dell,80000,,"High Interest, Interested",,,,Neutral,0.5,0,0,warm,0.497,0,0.7325,0.6979,0.82,0.754,0.479,0.8,0.475,0.5,0.0,llama,1,"[{""value"": ""Dell"", ""label"": ""BRAND"", ""name"": ""Dell""}, {""value"": ""80000"", ""label"": ""BUDGET"", ""name"": ""80000""}, {""value"": ""High Interest"", ""label"": ""INTENT"", ""name"": ""High Interest""}, {""value"": ""this week"", ""label"": ""URGENCY"", ""name"": ""this week""}, {""value"": ""High"", ""label"": ""URGENCY_LEVEL"", ""name"": ""High""}, {""value"": ""laptop"", ""name"": ""laptop"", ""label"": ""PRODUCT""}, {""value"": ""Interested"", ""name"": ""Interested"", ""label"": ""INTENT""}]"
integration-test-client,"Customer: Hello, my name is [CUSTOMER_NAME_REDACTED] and I am looking for a Dell laptop for my office. My budget is around 80,000 INR. I need it this week.",,,2026-06-10T07:47:12.864027Z,laptop,Dell,80000,,"High Interest, Interested",,,,Neutral,0.5,0,0,warm,0.497,0,0.7325,0.6979,0.82,0.754,0.479,0.8,0.475,0.5,0.0,llama,1,"[{""value"": ""Dell"", ""label"": ""BRAND"", ""name"": ""Dell""}, {""value"": ""80000"", ""label"": ""BUDGET"", ""name"": ""80000""}, {""value"": ""this week"", ""label"": ""URGENCY"", ""name"": ""this week""}, {""value"": ""High Interest"", ""label"": ""INTENT"", ""name"": ""High Interest""}, {""value"": ""High"", ""label"": ""URGENCY_LEVEL"", ""name"": ""High""}, {""value"": ""laptop"", ""name"": ""laptop"", ""label"": ""PRODUCT""}, {""value"": ""Interested"", ""name"": ""Interested"", ""label"": ""INTENT""}]"
integration-test-client,"Customer: Hello, my name is [CUSTOMER_NAME_REDACTED] and I am looking for a Dell laptop for my office. My budget is around 80,000 INR. I need it this week.",,,2026-06-10T07:49:38.674934Z,laptop,Dell,80000,,"High Interest, Interested",,,,Neutral,0.5,0,0,warm,0.497,0,0.7325,0.6979,0.82,0.754,0.479,0.8,0.475,0.5,0.0,llama,1,"[{""value"": ""Dell"", ""label"": ""BRAND"", ""name"": ""Dell""}, {""value"": ""80000"", ""label"": ""BUDGET"", ""name"": ""80000""}, {""value"": ""High Interest"", ""label"": ""INTENT"", ""name"": ""High Interest""}, {""value"": ""High"", ""label"": ""URGENCY_LEVEL"", ""name"": ""High""}, {""value"": ""laptop"", ""name"": ""laptop"", ""label"": ""PRODUCT""}, {""value"": ""Interested"", ""name"": ""Interested"", ""label"": ""INTENT""}]"
typed-conversation,"Agent: Good morning! Thank you for calling Elite Tech Solutions. My name is Sophia. How may I assist you today? Customer: Hi Sophia. My name is [CUSTOMER_NAME_REDACTED]. I'm looking for a new smartphone, and I'm interested in the Samsung Galaxy S25 Ultra. Agent: That's an excellent choice. Are you looking for a specific storage variant? Customer: Yes, I'm interested in the 512GB model. Agent: We currently have the Titanium Black and Titanium Silver variants available. Customer: I prefer the Titanium Black version. Could you tell me the current price? Agent: The Samsung Galaxy S25 Ultra 512GB is currently priced at ₹1,34,999. Customer: That's slightly above my budget. I'm planning to spend around ₹1,20,000. Agent: We do have exchange offers and no-cost EMI options that might help reduce the effective price. Customer: That's great. Could you send me the exchange offer details along with the EMI options? Agent: Certainly. I'll send those to you. Customer: I also want to compare it with the Google Pixel 10 Pro before making my final decision. Agent: Sure. Both phones are excellent, but they differ in camera processing, AI features, and battery performance. Customer: Can you send me a comparison sheet between the Samsung Galaxy S25 Ultra and the Google Pixel 10 Pro? Agent: Absolutely. Customer: I also have a question. Does the Samsung Galaxy S25 Ultra support Galaxy AI features and on-device translation? Agent: Yes, it includes Galaxy AI, live translation, AI photo editing, and several productivity features. Customer: That's exactly what I was looking for. Agent: Wonderful. Customer: Before I make the purchase, I'd like to discuss it with my brother since we'll be sharing the cost. Agent: Of course, take your time. Customer: Could you please call me this Friday evening after 6 PM? By then, I'll have discussed everything with him. Agent: Certainly. I'll schedule a follow-up call. Customer: Also, if there's any upcoming festive discount or cashback offer, please let me know immediately. Agent: Definitely. Customer: Could you also email me a brochure and a few customer reviews for the Samsung Galaxy S25 Ultra? Agent: Yes, I'll send the brochure, customer reviews, comparison sheet, and pricing details today. Customer: Perfect. Once I've reviewed everything, I'll most likely go ahead with the Samsung Galaxy S25 Ultra. Agent: That's great to hear. Is there anything else I can help you with today? Customer: No, that's all for now. Thank you for your assistance. Agent: You're most welcome, David. Have a wonderful day! Customer: Thank you. Goodbye.",,,2026-06-10T07:52:06.529117Z,Samsung Galaxy S25 Ultra,Samsung,"120000, Price","512GB, Titanium Black","High Interest, Interested",Considering,,,Emotionally Engaged,0.5,0,0,hot,0.726,1,0.7325,0.6979,0.82,0.754,0.68,0.8,0.825,0.994,0.85,llama,1,"[{""value"": ""Samsung Galaxy S25 Ultra"", ""label"": ""PRODUCT"", ""name"": ""Samsung Galaxy S25 Ultra""}, {""value"": ""Samsung"", ""label"": ""BRAND"", ""name"": ""Samsung""}, {""value"": ""120000"", ""label"": ""BUDGET"", ""name"": ""120000""}, {""value"": ""512GB"", ""label"": ""FEATURE"", ""name"": ""512GB""}, {""value"": ""Titanium Black"", ""label"": ""FEATURE"", ""name"": ""Titanium Black""}, {""value"": ""Considering"", ""label"": ""DECISION_STAGE"", ""name"": ""Considering""}, {""value"": ""High Interest"", ""label"": ""INTENT"", ""name"": ""High Interest""}, {""value"": ""Medium"", ""label"": ""URGENCY_LEVEL"", ""name"": ""Medium""}, {""value"": ""Price"", ""label"": ""BUDGET"", ""name"": ""Price""}, {""value"": ""Medium"", ""label"": ""PRICE_SENSITIVITY"", ""name"": ""Medium""}, {""value"": ""Medium"", ""label"": ""BRAND_LOYALTY"", ""name"": ""Medium""}, {""value"": ""Interested"", ""name"": ""Interested"", ""label"": ""INTENT""}, {""value"": ""High"", ""name"": ""High"", ""label"": ""PRICE_SENSITIVITY""}]"
